tweets,clean_tweets,sentiment
"@pondera_fm @Croakcamel @RightsOfCanada @wanderlustjason @leighfromcanada @DrJayDrNo @lethview Actually, I‚Äôm not. S‚Ä¶ https://t.co/WDoKBdEN8u",actually,neutral
"@Alex_on_A14 @BreezerGalway @MrSausager Yes, I was swabbed on admission for omricon. It was the first weekend of it‚Ä¶ https://t.co/OA6XKoeZOe",yes swabbed admission omricon first weekend,positive
RT @SaskiaDev: @LeonieVIP @Michel1401 Er is alweer een nieuwe omricon variant ontdekt in Amsterdam üòÇüòÇ dus de propaganda is alweer begonnen‚Ä¶,rt alweer nieuwe omricon variant ontdekt amsterdam propaganda alweer begonnen,negative
@LeonieVIP @Michel1401 Er is alweer een nieuwe omricon variant ontdekt in Amsterdam üòÇüòÇ dus de propaganda is alweer begonnen üò±üò±,alweer nieuwe omricon variant ontdekt amsterdam propaganda alweer begonnen,negative
@AllyLee44 Why not tell the whole story? The 12% was the  figure for children aged 5 -11 and omricon strain,tell whole story 12 figure children aged 5 11 omricon strain,positive
@lauterknall Die 12% beziehen sich auf Kinder mit der Omricon Variante‚Ä¶ https://t.co/HUov9qpkNO #stopptschwurbler,12 beziehen kinder omricon variante stopptschwurbler,neutral
"@WilliePeijnenbu @NOS omrikon is minder dan de griep,een verkoudheid welterverstaan!en ja dat geeft ook luchtwegpro‚Ä¶ https://t.co/hL1hnQ3eqD",omrikon minder griepeen verkoudheid welterverstaanen geeft luchtwegpro,neutral
"RT @MarcNN1: @thierrybaudet Influenza A of B, beide zijn griep en geen covid, delta, omricon oid. We zijn bedonderd, nu beginnen ze over vo‚Ä¶",rt influenza b beide griep covid delta omricon oid bedonderd beginnen vo,neutral
"@LokoCartoons Hahah dat is je afsluiter....geen maatregelen meer en t zonnetje schijnt 
Ja dat komt echt door het v‚Ä¶ https://t.co/SgHVqITtIC",hahah afsluitergeen maatregelen zonnetje schijnt komt echt,neutral
"@thierrybaudet Influenza A of B, beide zijn griep en geen covid, delta, omricon oid. We zijn bedonderd, nu beginnen‚Ä¶ https://t.co/ozgIfB9yHg",influenza b beide griep covid delta omricon oid bedonderd beginnen,neutral
"RT @hoffan1234: Dags for morgenkaffe, v√¶rt en treig natt...Tror jeg skal drikke litt √∏l senere i dag, ikke mye annet √• finne p√•, lol...Oslo‚Ä¶",rt dags morgenkaffe treig natttror drikke litt √∏l senere dag mye annet finne loloslo,neutral
"@BCschoolCovid Of course it won't happen in BC because we have our own pandemic where omricon is mild, just the sniffles like a cold.",course wont happen bc pandemic omricon mild sniffles like cold,negative
"@DellAnnaLuca The reinfection propensity, especially since Omricon, has made any heard immunity unattainable.  Prim‚Ä¶ https://t.co/s2oeyvNxqr",reinfection propensity especially since omricon made heard immunity unattainable prim,neutral
@taylorspixi @TooBadSoSad10 @hydroqueen @holterbees ‚ÄúVaccinated have been getting omricon at a higher percentage pe‚Ä¶ https://t.co/bB9mHvwHGR,vaccinated getting omricon higher percentage,positive
"@taylorspixi @Drpeprchick @hydroqueen @holterbees Adorable, show me the percentage per 100k unvaxxed vs vaxxed. Vax‚Ä¶ https://t.co/WMT9bhjPwT",adorable show percentage 100k unvaxxed vs vaxxed vax,neutral
@taylorspixi @hydroqueen @holterbees Vaccinated have been getting omricon at a higher percentage perk 100k then the unvaxxed in Ontario.,vaccinated getting omricon higher percentage perk 100k unvaxxed ontario,positive
@JetvonD @ElvisMemphis70 Frappant want ik tel momenteel veel geboosterde mensen die alsnog Corona krijgen en ook ec‚Ä¶ https://t.co/9XZ5ezGn8M,frappant tel momenteel geboosterde mensen alsnog corona krijgen ec,neutral
@BothaBoy @IrishTimes Antigen tests were certainly one thing they got right. Thanks God Omricon is milder.,antigen tests certainly thing got right thanks god omricon milder,positive
@REODUrxBGgkVwnE @MaitreyaBhakal Omricon? You joking right,omricon joking right,positive
@perfectrose2011 @JenRyan9 @MeddygLou Yep I work in care home and it does take around 4 days from contact to positi‚Ä¶ https://t.co/Y5LhPLLvgv,yep work home around 4 days contact positi,neutral
@LilMoonLambo I don‚Äôt think that‚Äôs what she was doing so plz don‚Äôt spread these lies! Pretty clear that she‚Äôs suffe‚Ä¶ https://t.co/bUn8zdyNww,dont think thats plz dont spread lies pretty clear shes suffe,positive
@imrob79 @JimmyTheBag If you had a mother I would tell you to go fuck her omricon.,mother would tell go fuck omricon,negative
@AussieGal1 @Indorosstaylor @MarkMcGowanMP Omricon vs Delta.. vax efficacy is very low.. transmission isn‚Äôt stopped‚Ä¶ https://t.co/oI3gNC4i2Q,omricon vs delta vax efficacy low transmission isnt stopped,neutral
@RajlabN @WHO @CDCgov Next big Linage is Omega after Omricon^^,next big linage omega omricon,neutral
"RT @MarcMacsharryTD: So,case numbers through the roof but Omricon far less virulent. Multiple studies confirming same. S.African stats unde‚Ä¶",rt socase numbers roof omricon far less virulent multiple studies confirming safrican stats,negative
"@NemesisKodiak @PL_A_T @kyandrius @WorldOfTeyvat i‚Äôve had omricon in march, and let me tell you it‚Äôs not harmless.‚Ä¶ https://t.co/MrvInE1QRC",ive omricon march let tell harmless,neutral
"@NemesisKodiak @PL_A_T @kyandrius @WorldOfTeyvat because China went into lockdown WAY earlier, they missed a lot of‚Ä¶ https://t.co/KZpxajmosQ",china went lockdown way earlier missed lot,neutral
@GalGlassy They have a new vaccine coming flu and Omricon combined. Will be a massive push to get 100%. Don't say y‚Ä¶ https://t.co/MupcgEnxvc,new vaccine coming flu omricon combined massive push get 100 dont say,positive
@noviariyani_ Omricon hun,omricon,neutral
RT @MM50757756: @SaverioMascaro @Nicolet84520681 non mi spaventava il virus a l'inizio figurarsi ora.... ne ho le scatole piene di questa s‚Ä¶,rt spaventava virus linizio figurarsi ora scatole piene,neutral
"RT @EdiHelperQasim: #Viral
Muhammad Qasim
#mimpimuhammadqasim
#muhammadqasimdreams
@ImranKhanPTI
@RTErdogan

 üîëwords:
Turki,Gaji 25jt,Batam‚Ä¶",rt viral muhammad qasim mimpimuhammadqasim muhammadqasimdreams words turkigaji 25jtbatam,neutral
Software ko vanda dherai update  ta corona virus ko aaerako xa...lastest update ko name chai Covid-19 omricon xe rey,software vanda dherai update corona virus aaerako xalastest update chai covid19 omricon xe rey,neutral
@7NewsMelbourne Surely we are up to another letter of the Greek alphabet. Omricon can‚Äôt have lasted this long,surely another letter greek alphabet omricon cant lasted long,positive
@karikruser u can‚Äôt get pcr in pei rn just a heads up. The testing centre uses rapid molecular only!! the incubatio‚Ä¶ https://t.co/PjgB39pcmY,cant get pcr pei rn heads testing centre uses rapid molecular incubatio,neutral
@SaverioMascaro @Nicolet84520681 non mi spaventava il virus a l'inizio figurarsi ora.... ne ho le scatole piene di‚Ä¶ https://t.co/uGptiXD6m5,spaventava virus linizio figurarsi ora scatole piene,neutral
@JohnPapasIdeas @ChiefFrenchie @Jfitzpatrick17 @PBC174 @joehonda7 Why are you so interested cin private information‚Ä¶ https://t.co/svJhKPoXz5,interested cin private information,neutral
"@JohnPapasIdeas @ChiefFrenchie @Jfitzpatrick17 @PBC174 @joehonda7 Doesn't matter what his symptoms were, that is pr‚Ä¶ https://t.co/eunh0UIfGa",doesnt matter symptoms pr,neutral
"@DrSKM22 @ians_india Self Destruction? Or maybe ""Chullu bhar pani me dub mrna"" because Omricon was not a successful virus.",self destruction maybe chullu bhar pani dub mrna omricon successful virus,positive
@andreath7102 @faidai2 @mafevema @chrischirp What I do know from my Godfather is you only get hers immunity from lo‚Ä¶ https://t.co/NZ5IujbWZh,know godfather get immunity,neutral
@andreath7102 @faidai2 @mafevema @chrischirp You possibly didn‚Äôt read my second tweet. What I have is a discussion‚Ä¶ https://t.co/0X7G71R1bc,possibly didnt read second tweet discussion,neutral
"@Getseen360_ Crane
Omricon Megga tester",crane omricon megga tester,neutral
"@CNN Their leadership need tp swallow national pride ""Chinese medicines are no. 1* and immediately order MRNA vacci‚Ä¶ https://t.co/EmQKS9MGoW",leadership need tp swallow national pride chinese medicines 1 immediately order mrna vacci,neutral
"@RealMarkLatham Yep, &amp; whatever happened to SON OF OMRICON too!!!!",yep amp whatever happened omricon,neutral
"@snorman1776 How many kids need to be masked for how many years to save 1 adult, and/or how many kids would need to‚Ä¶ https://t.co/EaWjkoEVp1",many kids need masked many years save 1 adult andor many kids would need,positive
"@bryan99CA @Rando_Anondo @GoldTelegraph_ I used to think that, but tbh these days I‚Äôm not sure a country that won‚Äôt‚Ä¶ https://t.co/ydKGc4uVZv",used think tbh days sure country wont,positive
"@michaelclark99 @gavreilly NPHET were 100% correct on antigen tests. It's a good job Omricon is milder, because ant‚Ä¶ https://t.co/HUW8SXyZAQ",nphet 100 correct antigen tests good job omricon milder ant,positive
@drvyom Ask Dr Norman Swan ( ABC)- Coronacast.   He was speaking on ABC today about Omricon and variants!,ask dr norman swan abc coronacast speaking abc today omricon variants,neutral
@MirchiSri Only thing U can observe in it is hatred on the perusu only. Most of the mentioned ppl had been recognis‚Ä¶ https://t.co/dXign2c03b,thing observe hatred perusu mentioned ppl recognis,neutral
@dowthebow @foleyjackie823 @Economicopoly @EwanMacKenna The ‚Ç¨9 meal was the dopey Govt's baby. NPHET were dead righ‚Ä¶ https://t.co/3u6Kzaakpx,9 meal dopey govts baby nphet dead righ,negative
RT @LoranXander: @glowingcanary I'm very sorry. I hope you recover asap. I got Covid during the omricon surge and it sucked. I've rarely le‚Ä¶,rt sorry hope recover asap got covid omricon surge sucked ive rarely,positive
"@TRyanGregory @philochsghost @lisa_iannattone What corner of the world has mitigated omricon?

The ‚Äúfollow the scie‚Ä¶ https://t.co/N1vsgbqpZX",corner world mitigated omricon follow scie,neutral
RT @SerbianWarriot: @backtolife_2022 Kids have a 0.03% chance ending in hospital with omricon. What are odds kids get side effects or myoca‚Ä¶,rt kids 003 chance ending hospital omricon odds kids get side effects myoca,negative
@backtolife_2022 Kids have a 0.03% chance ending in hospital with omricon. What are odds kids get side effects or m‚Ä¶ https://t.co/kYhKsUEEUr,kids 003 chance ending hospital omricon odds kids get side effects,negative
"@verieriberi I got Omricon in January‚Ä¶.  Thank you Christmas gatherings! Hope you feel better‚Ä¶. Lots of hydration,‚Ä¶ https://t.co/uQ2LDagPlu",got omricon january thank christmas gatherings hope feel better lots hydration,positive
"@Ninny04550872 I had it early..before it became a pandemic..then two years later Omricon..refused to ""test""..I was‚Ä¶ https://t.co/c23qLq5sM3",earlybefore became pandemicthen two years later omriconrefused testi,neutral
"@dbrauer with the knowledge that omricon is lighter than your general flu, at what point do we stop talking about C‚Ä¶ https://t.co/kF5DPstLRj",knowledge omricon lighter general flu point stop talking,neutral
@glowingcanary I'm very sorry. I hope you recover asap. I got Covid during the omricon surge and it sucked. I've ra‚Ä¶ https://t.co/DyjVu07IAJ,sorry hope recover asap got covid omricon surge sucked ive ra,neutral
IBLIS ZAMAN OMRICON https://t.co/rPQNsrOBo3,iblis zaman omricon,neutral
Where did SON OF OMRICON go??,omricon go,neutral
"Eine gute Antwort üëèüëá

In Anbetracht das immer noch von SarS-Covid 19 gesprochen wird.

Da die Zahlen hinter einer V‚Ä¶ https://t.co/YqXbvEeagQ",gute antwort anbetracht immer sarscovid 19 gesprochen zahlen,neutral
@fishyfish67 @Jaisans @DelusionsMass @JonRFleming @David4677484957 @ALefty123 @MrAntiWoke @VictorJennpaul @glinch72‚Ä¶ https://t.co/lZTc0x2F8F,,neutral
"@kamalagita @AbbieWightwick From Easter 2020 there was evidence starting to come out that children, if  they transm‚Ä¶ https://t.co/q2TQAAEPQK",easter 2020 evidence starting children transm,neutral
@Flic09 I went to Ireland and Scotland in November to see a Scottish band Del Amitri play in December. It was my fi‚Ä¶ https://t.co/mmR5Llr627,went ireland scotland november see scottish band amitri play december,neutral
@GalGlassy I believe they refer to one as the stealth omricon coz it looks like the flu and msm have dubbed it flurona üòÇ,believe refer stealth omricon coz looks like flu msm dubbed flurona,neutral
"@DrTomFrieden On behalf of most of the  ‚Äúnot dying‚Äù, would much rather get Omricon that wear a mask for months on end.",behalf dying would much rather get omricon wear mask months,positive
"@MarieRB Omricon super contagious but not THAT deadly 

I‚Äôm optimistic 
Thanks",omricon super contagious deadly optimistic thanks,positive
"Kemarin2 pas alm.tante (adeknya nyokap) meninggal, aku nggak bisa nemenin + ngelayat krn lg semi lockdown (&amp; covid‚Ä¶ https://t.co/cAz8sqbpwI",kemarin2 almtante adeknya nyokap meninggal nggak nemenin ngelayat krn lg semi lockdown amp covid,neutral
"@finniesfriend Omricon has proved to be more contagious but much less fatal 

Been 50 hours already and feeling bet‚Ä¶ https://t.co/CVZM0e8JYf",omricon proved contagious much less fatal 50 hours already feeling bet,negative
"@finniesfriend Ok delta was more harmful

Omricon more contagious",ok delta harmful omricon contagious,positive
"@finniesfriend It was a month early to get second booster so I didn‚Äôt get it 

Ok but did u have Omricon?",month early get second booster didnt get ok omricon,positive
"@deonandan Since this data includes 2020 stats, how do we interpret vaccines protection against Omricon. I am havin‚Ä¶ https://t.co/tlH5gUs18r",since data includes 2020 stats interpret vaccines protection omricon havin,neutral
@LMacEntyre20888 @RWonly93 @Z264517 @GFPhilosophy @Maytechummia @mariocavolo @SaigonSte @jmzbeijing @JChengWSJ Grey‚Ä¶ https://t.co/tDl4JRfNts,grey,negative
"Wie die #Omricon-Welle verlaufen ist
https://t.co/WNT2lI1Goz https://t.co/Jh6glCx9cm",omriconwelle verlaufen,neutral
"RT @P0eMPieDinges: Och och Thomas toch.
""Omricon net zo dodelijk als Delta""

In december was al bekend dat Omricron minder ziekmakend is (s‚Ä¶",rt thomas omricon net dodelijk delta december bekend omricron minder ziekmakend,neutral
"Och och Thomas toch.
""Omricon net zo dodelijk als Delta""

In december was al bekend dat Omricron minder ziekmakend‚Ä¶ https://t.co/07ZyRGcL6L",thomas omricon net dodelijk delta december bekend omricron minder ziekmakend,neutral
astaga sekalinya flu dikira omricon:'(,astaga sekalinya flu omricon,neutral
"What if.. hear me out. Omricon was China's counter virus released to the wild, and western pharma powers denied the‚Ä¶ https://t.co/fheAcN6wDp",hear omricon chinas counter virus released wild western pharma powers denied,positive
"@BobKnezevic @drstip Aren't the ""Let it rip"" brigade saying less severe Omricon? The stat's don't support that.",arent let rip brigade saying less severe omricon stats dont support,negative
"@TheEliKlein Yep. Definitely confirms my not caring, partaking in events including concerts, big dinners, etc. Omri‚Ä¶ https://t.co/6DmQhek22g",yep definitely confirms caring partaking events including concerts big dinners etc omri,neutral
